ListSchema={"schemaXmlList":["<Field ID=\"{fa564e0f-0c70-4ab9-b863-0177e6ddd247}\" Type=\"Text\" Name=\"Title\" DisplayName=\"Title\" Required=\"FALSE\" SourceID=\"http://schemas.microsoft.com/sharepoint/v3\" StaticName=\"Title\" FromBaseType=\"TRUE\" MaxLength=\"255\" />","<Field CustomFormatter=\"{&quot;elmType&quot;:&quot;div&quot;,&quot;style&quot;:{&quot;flex-wrap&quot;:&quot;wrap&quot;,&quot;display&quot;:&quot;flex&quot;},&quot;children&quot;:[{&quot;forEach&quot;:&quot;__INTERNAL__ in @currentField&quot;,&quot;elmType&quot;:&quot;div&quot;,&quot;style&quot;:{&quot;box-sizing&quot;:&quot;border-box&quot;,&quot;padding&quot;:&quot;4px 8px 5px 8px&quot;,&quot;overflow&quot;:&quot;hidden&quot;,&quot;text-overflow&quot;:&quot;ellipsis&quot;,&quot;display&quot;:&quot;flex&quot;,&quot;border-radius&quot;:&quot;16px&quot;,&quot;height&quot;:&quot;24px&quot;,&quot;align-items&quot;:&quot;center&quot;,&quot;white-space&quot;:&quot;nowrap&quot;,&quot;margin&quot;:&quot;4px 4px 4px 4px&quot;},&quot;attributes&quot;:{&quot;class&quot;:{&quot;operator&quot;:&quot;:&quot;,&quot;operands&quot;:[{&quot;operator&quot;:&quot;==&quot;,&quot;operands&quot;:[&quot;[$__INTERNAL__]&quot;,&quot;C1&quot;]},&quot;sp-css-backgroundColor-BgCornflowerBlue sp-css-color-CornflowerBlueFont sp-css-color-CornflowerBlueFont&quot;,{&quot;operator&quot;:&quot;:&quot;,&quot;operands&quot;:[{&quot;operator&quot;:&quot;==&quot;,&quot;operands&quot;:[&quot;[$__INTERNAL__]&quot;,&quot;C2&quot;]},&quot;sp-css-backgroundColor-BgMintGreen sp-css-color-MintGreenFont sp-css-color-MintGreenFont&quot;,{&quot;operator&quot;:&quot;:&quot;,&quot;operands&quot;:[{&quot;operator&quot;:&quot;==&quot;,&quot;operands&quot;:[&quot;[$__INTERNAL__]&quot;,&quot;C3&quot;]},&quot;sp-css-backgroundColor-BgGold sp-css-color-GoldFont sp-css-color-GoldFont&quot;,{&quot;operator&quot;:&quot;:&quot;,&quot;operands&quot;:[{&quot;operator&quot;:&quot;==&quot;,&quot;operands&quot;:[&quot;[$__INTERNAL__]&quot;,&quot;C4&quot;]},&quot;sp-css-backgroundColor-BgCoral sp-css-color-CoralFont sp-css-color-CoralFont&quot;,{&quot;operator&quot;:&quot;:&quot;,&quot;operands&quot;:[{&quot;operator&quot;:&quot;==&quot;,&quot;operands&quot;:[&quot;[$__INTERNAL__]&quot;,&quot;ES&quot;]},&quot;sp-css-backgroundColor-BgDustRose sp-css-color-DustRoseFont sp-css-color-DustRoseFont&quot;,&quot;sp-field-borderAllRegular sp-field-borderAllSolid sp-css-borderColor-neutralSecondary&quot;]}]}]}]}]}},&quot;children&quot;:[{&quot;elmType&quot;:&quot;span&quot;,&quot;style&quot;:{&quot;overflow&quot;:&quot;hidden&quot;,&quot;text-overflow&quot;:&quot;ellipsis&quot;,&quot;padding&quot;:&quot;0 3px&quot;},&quot;txtContent&quot;:&quot;[$__INTERNAL__]&quot;,&quot;attributes&quot;:{&quot;class&quot;:{&quot;operator&quot;:&quot;:&quot;,&quot;operands&quot;:[{&quot;operator&quot;:&quot;==&quot;,&quot;operands&quot;:[&quot;[$__INTERNAL__]&quot;,&quot;C1&quot;]},&quot;sp-css-color-CornflowerBlueFont&quot;,{&quot;operator&quot;:&quot;:&quot;,&quot;operands&quot;:[{&quot;operator&quot;:&quot;==&quot;,&quot;operands&quot;:[&quot;[$__INTERNAL__]&quot;,&quot;C2&quot;]},&quot;sp-css-color-MintGreenFont&quot;,{&quot;operator&quot;:&quot;:&quot;,&quot;operands&quot;:[{&quot;operator&quot;:&quot;==&quot;,&quot;operands&quot;:[&quot;[$__INTERNAL__]&quot;,&quot;C3&quot;]},&quot;sp-css-color-GoldFont&quot;,{&quot;operator&quot;:&quot;:&quot;,&quot;operands&quot;:[{&quot;operator&quot;:&quot;==&quot;,&quot;operands&quot;:[&quot;[$__INTERNAL__]&quot;,&quot;C4&quot;]},&quot;sp-css-color-CoralFont&quot;,{&quot;operator&quot;:&quot;:&quot;,&quot;operands&quot;:[{&quot;operator&quot;:&quot;==&quot;,&quot;operands&quot;:[&quot;[$__INTERNAL__]&quot;,&quot;ES&quot;]},&quot;sp-css-color-DustRoseFont&quot;,&quot;&quot;]}]}]}]}]}}}]}],&quot;templateId&quot;:&quot;BgColorChoicePill&quot;}\" Description=\"Definéiert, an wéiengem Cycle dës Aktivitéit kann duerchgefouert ginn.\" DisplayName=\"Cycle\" FillInChoice=\"FALSE\" Format=\"Dropdown\" IsModern=\"TRUE\" Name=\"Cycle\" Required=\"TRUE\" Title=\"Cycle\" Type=\"MultiChoice\" ID=\"{04ff5575-bcf7-41f8-98f3-26974b653507}\" StaticName=\"Cycle\"><CHOICES><CHOICE>C1</CHOICE><CHOICE>C2</CHOICE><CHOICE>C3</CHOICE><CHOICE>C4</CHOICE><CHOICE>ES</CHOICE></CHOICES></Field>","<Field ClientSideComponentId=\"00000000-0000-0000-0000-000000000000\" CustomFormatter=\"{&quot;elmType&quot;:&quot;div&quot;,&quot;style&quot;:{&quot;flex-wrap&quot;:&quot;wrap&quot;,&quot;display&quot;:&quot;flex&quot;},&quot;children&quot;:[{&quot;forEach&quot;:&quot;__INTERNAL__ in @currentField&quot;,&quot;elmType&quot;:&quot;div&quot;,&quot;style&quot;:{&quot;box-sizing&quot;:&quot;border-box&quot;,&quot;padding&quot;:&quot;4px 8px 5px 8px&quot;,&quot;overflow&quot;:&quot;hidden&quot;,&quot;text-overflow&quot;:&quot;ellipsis&quot;,&quot;display&quot;:&quot;flex&quot;,&quot;border-radius&quot;:&quot;16px&quot;,&quot;height&quot;:&quot;24px&quot;,&quot;align-items&quot;:&quot;center&quot;,&quot;white-space&quot;:&quot;nowrap&quot;,&quot;margin&quot;:&quot;4px 4px 4px 4px&quot;},&quot;attributes&quot;:{&quot;class&quot;:{&quot;operator&quot;:&quot;:&quot;,&quot;operands&quot;:[{&quot;operator&quot;:&quot;==&quot;,&quot;operands&quot;:[&quot;[$__INTERNAL__]&quot;,&quot;Achtsamkeit&quot;]},&quot;sp-css-backgroundColor-BgDarkRed sp-css-borderColor-WhiteFont sp-css-color-WhiteFont sp-css-color-WhiteFont&quot;,{&quot;operator&quot;:&quot;:&quot;,&quot;operands&quot;:[{&quot;operator&quot;:&quot;==&quot;,&quot;operands&quot;:[&quot;[$__INTERNAL__]&quot;,&quot;Bewegung&quot;]},&quot;sp-css-backgroundColor-BgRed sp-css-borderColor-WhiteFont sp-css-color-WhiteFont sp-css-color-WhiteFont&quot;,{&quot;operator&quot;:&quot;:&quot;,&quot;operands&quot;:[{&quot;operator&quot;:&quot;==&quot;,&quot;operands&quot;:[&quot;[$__INTERNAL__]&quot;,&quot;Beziehungsaufbau&quot;]},&quot;sp-css-backgroundColor-BgOrange sp-css-borderColor-WhiteFont sp-css-color-WhiteFont sp-css-color-WhiteFont&quot;,{&quot;operator&quot;:&quot;:&quot;,&quot;operands&quot;:[{&quot;operator&quot;:&quot;==&quot;,&quot;operands&quot;:[&quot;[$__INTERNAL__]&quot;,&quot;Disziplin&quot;]},&quot;sp-css-backgroundColor-BgBrown sp-css-borderColor-WhiteFont sp-css-color-WhiteFont sp-css-color-WhiteFont&quot;,{&quot;operator&quot;:&quot;:&quot;,&quot;operands&quot;:[{&quot;operator&quot;:&quot;==&quot;,&quot;operands&quot;:[&quot;[$__INTERNAL__]&quot;,&quot;Emotionen&quot;]},&quot;sp-css-backgroundColor-BgGreen sp-css-borderColor-WhiteFont sp-css-color-WhiteFont sp-css-color-WhiteFont&quot;,{&quot;operator&quot;:&quot;:&quot;,&quot;operands&quot;:[{&quot;operator&quot;:&quot;==&quot;,&quot;operands&quot;:[&quot;[$__INTERNAL__]&quot;,&quot;Fremdwahrnehmung&quot;]},&quot;sp-css-backgroundColor-BgTeal sp-css-borderColor-WhiteFont sp-css-color-WhiteFont sp-css-color-WhiteFont&quot;,{&quot;operator&quot;:&quot;:&quot;,&quot;operands&quot;:[{&quot;operator&quot;:&quot;==&quot;,&quot;operands&quot;:[&quot;[$__INTERNAL__]&quot;,&quot;Gerechtigkeit&quot;]},&quot;sp-css-backgroundColor-BgDarkGreen sp-css-borderColor-WhiteFont sp-css-color-WhiteFont sp-css-color-WhiteFont&quot;,{&quot;operator&quot;:&quot;:&quot;,&quot;operands&quot;:[{&quot;operator&quot;:&quot;==&quot;,&quot;operands&quot;:[&quot;[$__INTERNAL__]&quot;,&quot;Gewalt&quot;]},&quot;sp-css-backgroundColor-BgBlue sp-css-borderColor-WhiteFont sp-css-color-WhiteFont sp-css-color-WhiteFont&quot;,{&quot;operator&quot;:&quot;:&quot;,&quot;operands&quot;:[{&quot;operator&quot;:&quot;==&quot;,&quot;operands&quot;:[&quot;[$__INTERNAL__]&quot;,&quot;Grenzen&quot;]},&quot;sp-css-backgroundColor-BgLavender sp-css-borderColor-WhiteFont sp-css-color-WhiteFont sp-css-color-WhiteFont&quot;,{&quot;operator&quot;:&quot;:&quot;,&quot;operands&quot;:[{&quot;operator&quot;:&quot;==&quot;,&quot;operands&quot;:[&quot;[$__INTERNAL__]&quot;,&quot;Identität&quot;]},&quot;sp-css-backgroundColor-BgDarkBlue sp-css-borderColor-WhiteFont sp-css-color-WhiteFont sp-css-color-WhiteFont&quot;,{&quot;operator&quot;:&quot;:&quot;,&quot;operands&quot;:[{&quot;operator&quot;:&quot;==&quot;,&quot;operands&quot;:[&quot;[$__INTERNAL__]&quot;,&quot;Impulskontrolle&quot;]},&quot;sp-css-backgroundColor-BgDarkPurple sp-css-borderColor-WhiteFont sp-css-color-WhiteFont sp-css-color-WhiteFont&quot;,{&quot;operator&quot;:&quot;:&quot;,&quot;operands&quot;:[{&quot;operator&quot;:&quot;==&quot;,&quot;operands&quot;:[&quot;[$__INTERNAL__]&quot;,&quot;Kommunikation&quot;]},&quot;sp-css-backgroundColor-BgPurple sp-css-borderColor-WhiteFont sp-css-color-WhiteFont sp-css-color-WhiteFont&quot;,{&quot;operator&quot;:&quot;:&quot;,&quot;operands&quot;:[{&quot;operator&quot;:&quot;==&quot;,&quot;operands&quot;:[&quot;[$__INTERNAL__]&quot;,&quot;Konfliktlösung&quot;]},&quot;sp-css-backgroundColor-BgDarkPink sp-css-borderColor-WhiteFont sp-css-color-WhiteFont sp-css-color-WhiteFont&quot;,{&quot;operator&quot;:&quot;:&quot;,&quot;operands&quot;:[{&quot;operator&quot;:&quot;==&quot;,&quot;operands&quot;:[&quot;[$__INTERNAL__]&quot;,&quot;Kooperation&quot;]},&quot;sp-css-backgroundColor-BgGray sp-css-borderColor-WhiteFont sp-css-color-WhiteFont sp-css-color-WhiteFont&quot;,{&quot;operator&quot;:&quot;:&quot;,&quot;operands&quot;:[{&quot;operator&quot;:&quot;==&quot;,&quot;operands&quot;:[&quot;[$__INTERNAL__]&quot;,&quot;Konsum&quot;]},&quot;sp-css-backgroundColor-BgCoral sp-css-borderColor-CoralFont sp-css-color-CoralFont sp-css-color-CoralFont&quot;,{&quot;operator&quot;:&quot;:&quot;,&quot;operands&quot;:[{&quot;operator&quot;:&quot;==&quot;,&quot;operands&quot;:[&quot;[$__INTERNAL__]&quot;,&quot;Kreativität&quot;]},&quot;sp-css-backgroundColor-BgDustRose sp-css-borderColor-DustRoseFont sp-css-color-DustRoseFont sp-css-color-DustRoseFont&quot;,{&quot;operator&quot;:&quot;:&quot;,&quot;operands&quot;:[{&quot;operator&quot;:&quot;==&quot;,&quot;operands&quot;:[&quot;[$__INTERNAL__]&quot;,&quot;Medien&quot;]},&quot;sp-css-backgroundColor-BgPeach sp-css-borderColor-PeachFont sp-css-color-PeachFont sp-css-color-PeachFont&quot;,{&quot;operator&quot;:&quot;:&quot;,&quot;operands&quot;:[{&quot;operator&quot;:&quot;==&quot;,&quot;operands&quot;:[&quot;[$__INTERNAL__]&quot;,&quot;Mobbing&quot;]},&quot;sp-css-backgroundColor-BgGold sp-css-borderColor-GoldFont sp-css-color-GoldFont sp-css-color-GoldFont&quot;,{&quot;operator&quot;:&quot;:&quot;,&quot;operands&quot;:[{&quot;operator&quot;:&quot;==&quot;,&quot;operands&quot;:[&quot;[$__INTERNAL__]&quot;,&quot;Motivation&quot;]},&quot;sp-css-backgroundColor-BgMintGreen sp-css-borderColor-MintGreenFont sp-css-color-MintGreenFont sp-css-color-MintGreenFont&quot;,{&quot;operator&quot;:&quot;:&quot;,&quot;operands&quot;:[{&quot;operator&quot;:&quot;==&quot;,&quot;operands&quot;:[&quot;[$__INTERNAL__]&quot;,&quot;Resilienz&quot;]},&quot;sp-css-backgroundColor-BgCyan sp-css-borderColor-CyanFont sp-css-color-CyanFont sp-css-color-CyanFont&quot;,{&quot;operator&quot;:&quot;:&quot;,&quot;operands&quot;:[{&quot;operator&quot;:&quot;==&quot;,&quot;operands&quot;:[&quot;[$__INTERNAL__]&quot;,&quot;Ressourcen&quot;]},&quot;sp-css-backgroundColor-BgLilac sp-css-borderColor-LilacFont sp-css-color-LilacFont sp-css-color-LilacFont&quot;,{&quot;operator&quot;:&quot;:&quot;,&quot;operands&quot;:[{&quot;operator&quot;:&quot;==&quot;,&quot;operands&quot;:[&quot;[$__INTERNAL__]&quot;,&quot;Selbstwahrnehmung&quot;]},&quot;sp-css-backgroundColor-BgSage sp-css-borderColor-SageFont sp-css-color-SageFont sp-css-color-SageFont&quot;,{&quot;operator&quot;:&quot;:&quot;,&quot;operands&quot;:[{&quot;operator&quot;:&quot;==&quot;,&quot;operands&quot;:[&quot;[$__INTERNAL__]&quot;,&quot;Selbstwertgefühl&quot;]},&quot;sp-css-backgroundColor-BgCornflowerBlue sp-css-borderColor-CornflowerBlueFont sp-css-color-CornflowerBlueFont sp-css-color-CornflowerBlueFont&quot;,{&quot;operator&quot;:&quot;:&quot;,&quot;operands&quot;:[{&quot;operator&quot;:&quot;==&quot;,&quot;operands&quot;:[&quot;[$__INTERNAL__]&quot;,&quot;Sexualität&quot;]},&quot;sp-css-backgroundColor-BgLightPurple sp-css-borderColor-LightPurpleFont sp-css-color-LightPurpleFont sp-css-color-LightPurpleFont&quot;,{&quot;operator&quot;:&quot;:&quot;,&quot;operands&quot;:[{&quot;operator&quot;:&quot;==&quot;,&quot;operands&quot;:[&quot;[$__INTERNAL__]&quot;,&quot;Spiel &amp; Spaß&quot;]},&quot;sp-css-backgroundColor-BgLightBlue sp-css-borderColor-LightBlueFont sp-css-color-LightBlueFont sp-css-color-LightBlueFont&quot;,{&quot;operator&quot;:&quot;:&quot;,&quot;operands&quot;:[{&quot;operator&quot;:&quot;==&quot;,&quot;operands&quot;:[&quot;[$__INTERNAL__]&quot;,&quot;Stressbewältigung&quot;]},&quot;sp-css-backgroundColor-BgViolet sp-css-borderColor-VioletFont sp-css-color-VioletFont sp-css-color-VioletFont&quot;,{&quot;operator&quot;:&quot;:&quot;,&quot;operands&quot;:[{&quot;operator&quot;:&quot;==&quot;,&quot;operands&quot;:[&quot;[$__INTERNAL__]&quot;,&quot;&amp; Sonstiges&quot;]},&quot;sp-css-backgroundColor-BgMauve sp-css-borderColor-MauveFont sp-css-color-MauveFont sp-css-color-MauveFont&quot;,{&quot;operator&quot;:&quot;:&quot;,&quot;operands&quot;:[{&quot;operator&quot;:&quot;==&quot;,&quot;operands&quot;:[&quot;[$__INTERNAL__]&quot;,&quot;ETEP/ EPU&quot;]},&quot;sp-css-backgroundColor-BgMintGreen sp-css-borderColor-MintGreenFont sp-css-color-MintGreenFont sp-css-color-MintGreenFont&quot;,&quot;sp-field-borderAllRegular sp-field-borderAllSolid sp-css-borderColor-neutralSecondary&quot;]}]}]}]}]}]}]}]}]}]}]}]}]}]}]}]}]}]}]}]}]}]}]}]}]}]}]}]}},&quot;children&quot;:[{&quot;elmType&quot;:&quot;span&quot;,&quot;style&quot;:{&quot;overflow&quot;:&quot;hidden&quot;,&quot;text-overflow&quot;:&quot;ellipsis&quot;,&quot;padding&quot;:&quot;0 3px&quot;},&quot;txtContent&quot;:&quot;[$__INTERNAL__]&quot;,&quot;attributes&quot;:{&quot;class&quot;:{&quot;operator&quot;:&quot;:&quot;,&quot;operands&quot;:[{&quot;operator&quot;:&quot;==&quot;,&quot;operands&quot;:[&quot;[$__INTERNAL__]&quot;,&quot;Achtsamkeit&quot;]},&quot;sp-css-color-WhiteFont&quot;,{&quot;operator&quot;:&quot;:&quot;,&quot;operands&quot;:[{&quot;operator&quot;:&quot;==&quot;,&quot;operands&quot;:[&quot;[$__INTERNAL__]&quot;,&quot;Bewegung&quot;]},&quot;sp-css-color-WhiteFont&quot;,{&quot;operator&quot;:&quot;:&quot;,&quot;operands&quot;:[{&quot;operator&quot;:&quot;==&quot;,&quot;operands&quot;:[&quot;[$__INTERNAL__]&quot;,&quot;Beziehungsaufbau&quot;]},&quot;sp-css-color-WhiteFont&quot;,{&quot;operator&quot;:&quot;:&quot;,&quot;operands&quot;:[{&quot;operator&quot;:&quot;==&quot;,&quot;operands&quot;:[&quot;[$__INTERNAL__]&quot;,&quot;Disziplin&quot;]},&quot;sp-css-color-WhiteFont&quot;,{&quot;operator&quot;:&quot;:&quot;,&quot;operands&quot;:[{&quot;operator&quot;:&quot;==&quot;,&quot;operands&quot;:[&quot;[$__INTERNAL__]&quot;,&quot;Emotionen&quot;]},&quot;sp-css-color-WhiteFont&quot;,{&quot;operator&quot;:&quot;:&quot;,&quot;operands&quot;:[{&quot;operator&quot;:&quot;==&quot;,&quot;operands&quot;:[&quot;[$__INTERNAL__]&quot;,&quot;Fremdwahrnehmung&quot;]},&quot;sp-css-color-WhiteFont&quot;,{&quot;operator&quot;:&quot;:&quot;,&quot;operands&quot;:[{&quot;operator&quot;:&quot;==&quot;,&quot;operands&quot;:[&quot;[$__INTERNAL__]&quot;,&quot;Gerechtigkeit&quot;]},&quot;sp-css-color-WhiteFont&quot;,{&quot;operator&quot;:&quot;:&quot;,&quot;operands&quot;:[{&quot;operator&quot;:&quot;==&quot;,&quot;operands&quot;:[&quot;[$__INTERNAL__]&quot;,&quot;Gewalt&quot;]},&quot;sp-css-color-WhiteFont&quot;,{&quot;operator&quot;:&quot;:&quot;,&quot;operands&quot;:[{&quot;operator&quot;:&quot;==&quot;,&quot;operands&quot;:[&quot;[$__INTERNAL__]&quot;,&quot;Grenzen&quot;]},&quot;sp-css-color-WhiteFont&quot;,{&quot;operator&quot;:&quot;:&quot;,&quot;operands&quot;:[{&quot;operator&quot;:&quot;==&quot;,&quot;operands&quot;:[&quot;[$__INTERNAL__]&quot;,&quot;Identität&quot;]},&quot;sp-css-color-WhiteFont&quot;,{&quot;operator&quot;:&quot;:&quot;,&quot;operands&quot;:[{&quot;operator&quot;:&quot;==&quot;,&quot;operands&quot;:[&quot;[$__INTERNAL__]&quot;,&quot;Impulskontrolle&quot;]},&quot;sp-css-color-WhiteFont&quot;,{&quot;operator&quot;:&quot;:&quot;,&quot;operands&quot;:[{&quot;operator&quot;:&quot;==&quot;,&quot;operands&quot;:[&quot;[$__INTERNAL__]&quot;,&quot;Kommunikation&quot;]},&quot;sp-css-color-WhiteFont&quot;,{&quot;operator&quot;:&quot;:&quot;,&quot;operands&quot;:[{&quot;operator&quot;:&quot;==&quot;,&quot;operands&quot;:[&quot;[$__INTERNAL__]&quot;,&quot;Konfliktlösung&quot;]},&quot;sp-css-color-WhiteFont&quot;,{&quot;operator&quot;:&quot;:&quot;,&quot;operands&quot;:[{&quot;operator&quot;:&quot;==&quot;,&quot;operands&quot;:[&quot;[$__INTERNAL__]&quot;,&quot;Kooperation&quot;]},&quot;sp-css-color-WhiteFont&quot;,{&quot;operator&quot;:&quot;:&quot;,&quot;operands&quot;:[{&quot;operator&quot;:&quot;==&quot;,&quot;operands&quot;:[&quot;[$__INTERNAL__]&quot;,&quot;Konsum&quot;]},&quot;sp-css-color-CoralFont&quot;,{&quot;operator&quot;:&quot;:&quot;,&quot;operands&quot;:[{&quot;operator&quot;:&quot;==&quot;,&quot;operands&quot;:[&quot;[$__INTERNAL__]&quot;,&quot;Kreativität&quot;]},&quot;sp-css-color-DustRoseFont&quot;,{&quot;operator&quot;:&quot;:&quot;,&quot;operands&quot;:[{&quot;operator&quot;:&quot;==&quot;,&quot;operands&quot;:[&quot;[$__INTERNAL__]&quot;,&quot;Medien&quot;]},&quot;sp-css-color-PeachFont&quot;,{&quot;operator&quot;:&quot;:&quot;,&quot;operands&quot;:[{&quot;operator&quot;:&quot;==&quot;,&quot;operands&quot;:[&quot;[$__INTERNAL__]&quot;,&quot;Mobbing&quot;]},&quot;sp-css-color-GoldFont&quot;,{&quot;operator&quot;:&quot;:&quot;,&quot;operands&quot;:[{&quot;operator&quot;:&quot;==&quot;,&quot;operands&quot;:[&quot;[$__INTERNAL__]&quot;,&quot;Motivation&quot;]},&quot;sp-css-color-MintGreenFont&quot;,{&quot;operator&quot;:&quot;:&quot;,&quot;operands&quot;:[{&quot;operator&quot;:&quot;==&quot;,&quot;operands&quot;:[&quot;[$__INTERNAL__]&quot;,&quot;Resilienz&quot;]},&quot;sp-css-color-CyanFont&quot;,{&quot;operator&quot;:&quot;:&quot;,&quot;operands&quot;:[{&quot;operator&quot;:&quot;==&quot;,&quot;operands&quot;:[&quot;[$__INTERNAL__]&quot;,&quot;Ressourcen&quot;]},&quot;sp-css-color-LilacFont&quot;,{&quot;operator&quot;:&quot;:&quot;,&quot;operands&quot;:[{&quot;operator&quot;:&quot;==&quot;,&quot;operands&quot;:[&quot;[$__INTERNAL__]&quot;,&quot;Selbstwahrnehmung&quot;]},&quot;sp-css-color-SageFont&quot;,{&quot;operator&quot;:&quot;:&quot;,&quot;operands&quot;:[{&quot;operator&quot;:&quot;==&quot;,&quot;operands&quot;:[&quot;[$__INTERNAL__]&quot;,&quot;Selbstwertgefühl&quot;]},&quot;sp-css-color-CornflowerBlueFont&quot;,{&quot;operator&quot;:&quot;:&quot;,&quot;operands&quot;:[{&quot;operator&quot;:&quot;==&quot;,&quot;operands&quot;:[&quot;[$__INTERNAL__]&quot;,&quot;Sexualität&quot;]},&quot;sp-css-color-LightPurpleFont&quot;,{&quot;operator&quot;:&quot;:&quot;,&quot;operands&quot;:[{&quot;operator&quot;:&quot;==&quot;,&quot;operands&quot;:[&quot;[$__INTERNAL__]&quot;,&quot;Spiel &amp; Spaß&quot;]},&quot;sp-css-color-LightBlueFont&quot;,{&quot;operator&quot;:&quot;:&quot;,&quot;operands&quot;:[{&quot;operator&quot;:&quot;==&quot;,&quot;operands&quot;:[&quot;[$__INTERNAL__]&quot;,&quot;Stressbewältigung&quot;]},&quot;sp-css-color-VioletFont&quot;,{&quot;operator&quot;:&quot;:&quot;,&quot;operands&quot;:[{&quot;operator&quot;:&quot;==&quot;,&quot;operands&quot;:[&quot;[$__INTERNAL__]&quot;,&quot;&amp; Sonstiges&quot;]},&quot;sp-css-color-MauveFont&quot;,{&quot;operator&quot;:&quot;:&quot;,&quot;operands&quot;:[{&quot;operator&quot;:&quot;==&quot;,&quot;operands&quot;:[&quot;[$__INTERNAL__]&quot;,&quot;ETEP/ EPU&quot;]},&quot;sp-css-color-MintGreenFont&quot;,&quot;&quot;]}]}]}]}]}]}]}]}]}]}]}]}]}]}]}]}]}]}]}]}]}]}]}]}]}]}]}]}}}]}],&quot;rulesOrder&quot;:[3,1,2,0,4],&quot;templateId&quot;:&quot;BgColorChoicePill&quot;}\" Description=\"Definéiert d'Thema, em dat et bei der Aktivitéit geet\" DisplayName=\"Thema\" FillInChoice=\"FALSE\" Format=\"Dropdown\" Name=\"Thema\" Required=\"TRUE\" Title=\"Thema\" Type=\"MultiChoice\" ID=\"{5d4a3e00-c884-4119-b3ad-0adbfa4f6e06}\" StaticName=\"Thema\"><CHOICES><CHOICE>Achtsamkeit</CHOICE><CHOICE>Bewegung</CHOICE><CHOICE>Beziehungsaufbau</CHOICE><CHOICE>Disziplin</CHOICE><CHOICE>Emotionen</CHOICE><CHOICE>Fremdwahrnehmung</CHOICE><CHOICE>Gerechtigkeit</CHOICE><CHOICE>Gewalt</CHOICE><CHOICE>Grenzen</CHOICE><CHOICE>Identität</CHOICE><CHOICE>Impulskontrolle</CHOICE><CHOICE>Kommunikation</CHOICE><CHOICE>Konfliktlösung</CHOICE><CHOICE>Kooperation</CHOICE><CHOICE>Konsum</CHOICE><CHOICE>Kreativität</CHOICE><CHOICE>Medien</CHOICE><CHOICE>Mobbing</CHOICE><CHOICE>Motivation</CHOICE><CHOICE>Resilienz</CHOICE><CHOICE>Ressourcen</CHOICE><CHOICE>Selbstwahrnehmung</CHOICE><CHOICE>Selbstwertgefühl</CHOICE><CHOICE>Sexualität</CHOICE><CHOICE>Spiel &amp; Spaß</CHOICE><CHOICE>Stressbewältigung</CHOICE><CHOICE>&amp; Sonstiges</CHOICE><CHOICE>ETEP/ EPU</CHOICE></CHOICES></Field>","<Field CustomFormatter=\"{&quot;elmType&quot;:&quot;div&quot;,&quot;style&quot;:{&quot;flex-wrap&quot;:&quot;wrap&quot;,&quot;display&quot;:&quot;flex&quot;},&quot;children&quot;:[{&quot;forEach&quot;:&quot;__INTERNAL__ in @currentField&quot;,&quot;elmType&quot;:&quot;div&quot;,&quot;style&quot;:{&quot;box-sizing&quot;:&quot;border-box&quot;,&quot;padding&quot;:&quot;4px 8px 5px 8px&quot;,&quot;overflow&quot;:&quot;hidden&quot;,&quot;text-overflow&quot;:&quot;ellipsis&quot;,&quot;display&quot;:&quot;flex&quot;,&quot;border-radius&quot;:&quot;16px&quot;,&quot;height&quot;:&quot;24px&quot;,&quot;align-items&quot;:&quot;center&quot;,&quot;white-space&quot;:&quot;nowrap&quot;,&quot;margin&quot;:&quot;4px 4px 4px 4px&quot;},&quot;attributes&quot;:{&quot;class&quot;:{&quot;operator&quot;:&quot;:&quot;,&quot;operands&quot;:[{&quot;operator&quot;:&quot;==&quot;,&quot;operands&quot;:[&quot;[$__INTERNAL__]&quot;,&quot;Aktivität&quot;]},&quot;sp-css-backgroundColor-BgCornflowerBlue sp-css-color-CornflowerBlueFont sp-css-color-CornflowerBlueFont&quot;,{&quot;operator&quot;:&quot;:&quot;,&quot;operands&quot;:[{&quot;operator&quot;:&quot;==&quot;,&quot;operands&quot;:[&quot;[$__INTERNAL__]&quot;,&quot;Kursstunde&quot;]},&quot;sp-css-backgroundColor-BgMintGreen sp-css-color-MintGreenFont sp-css-color-MintGreenFont&quot;,{&quot;operator&quot;:&quot;:&quot;,&quot;operands&quot;:[{&quot;operator&quot;:&quot;==&quot;,&quot;operands&quot;:[&quot;[$__INTERNAL__]&quot;,&quot;Projekt&quot;]},&quot;sp-css-backgroundColor-BgGold sp-css-color-GoldFont sp-css-color-GoldFont&quot;,&quot;sp-field-borderAllRegular sp-field-borderAllSolid sp-css-borderColor-neutralSecondary&quot;]}]}]}},&quot;children&quot;:[{&quot;elmType&quot;:&quot;span&quot;,&quot;style&quot;:{&quot;overflow&quot;:&quot;hidden&quot;,&quot;text-overflow&quot;:&quot;ellipsis&quot;,&quot;padding&quot;:&quot;0 3px&quot;},&quot;txtContent&quot;:&quot;[$__INTERNAL__]&quot;,&quot;attributes&quot;:{&quot;class&quot;:{&quot;operator&quot;:&quot;:&quot;,&quot;operands&quot;:[{&quot;operator&quot;:&quot;==&quot;,&quot;operands&quot;:[&quot;[$__INTERNAL__]&quot;,&quot;Aktivität&quot;]},&quot;sp-css-color-CornflowerBlueFont&quot;,{&quot;operator&quot;:&quot;:&quot;,&quot;operands&quot;:[{&quot;operator&quot;:&quot;==&quot;,&quot;operands&quot;:[&quot;[$__INTERNAL__]&quot;,&quot;Kursstunde&quot;]},&quot;sp-css-color-MintGreenFont&quot;,{&quot;operator&quot;:&quot;:&quot;,&quot;operands&quot;:[{&quot;operator&quot;:&quot;==&quot;,&quot;operands&quot;:[&quot;[$__INTERNAL__]&quot;,&quot;Projekt&quot;]},&quot;sp-css-color-GoldFont&quot;,&quot;&quot;]}]}]}}}]}],&quot;templateId&quot;:&quot;BgColorChoicePill&quot;}\" Description=\"Definéiert d'Form/de Setting vum Material.\" DisplayName=\"Typ\" FillInChoice=\"FALSE\" Format=\"Dropdown\" IsModern=\"TRUE\" Name=\"Typ\" Required=\"TRUE\" Title=\"Typ\" Type=\"MultiChoice\" ID=\"{69c1d280-716d-4bd9-9ad2-98aee4cb1601}\" StaticName=\"Typ\"><CHOICES><CHOICE>Aktivität</CHOICE><CHOICE>Kursstunde</CHOICE><CHOICE>Projekt</CHOICE></CHOICES></Field>","<Field Description=\"Hei kënnen all Tags erangeschriwwen ginn, mat deenen dat Dokument kann verbonne ginn\" DisplayName=\"Tags\" Format=\"Dropdown\" IsModern=\"TRUE\" MaxLength=\"255\" Name=\"Tags\" Required=\"TRUE\" Title=\"Tags\" Type=\"Text\" ID=\"{e52cafed-f502-487c-924b-b8d6c6dee50f}\" StaticName=\"Tags\" />","<Field DisplayName=\"Person\" Format=\"Dropdown\" IsModern=\"TRUE\" List=\"UserInfo\" Name=\"Person\" Title=\"Person\" Type=\"User\" UserSelectionMode=\"0\" UserSelectionScope=\"0\" ID=\"{52aeedcc-a27a-4d61-b7dd-9309dff39f46}\" StaticName=\"Person\" />","<Field ID=\"{82642ec8-ef9b-478f-acf9-31f7d45fbc31}\" ReadOnly=\"TRUE\" Type=\"Computed\" Name=\"LinkTitle\" DisplayName=\"\" DisplayNameSrcField=\"Title\" ClassInfo=\"Menu\" AuthoringInfo=\"(linked to item with edit menu)\" ListItemMenuAllowed=\"Required\" LinkToItemAllowed=\"Prohibited\" SourceID=\"http://schemas.microsoft.com/sharepoint/v3\" StaticName=\"LinkTitle\" FromBaseType=\"TRUE\"><FieldRefs><FieldRef Name=\"Title\" /><FieldRef Name=\"LinkTitleNoMenu\" /><FieldRef Name=\"_EditMenuTableStart2\" /><FieldRef Name=\"_EditMenuTableEnd\" /></FieldRefs><DisplayPattern><FieldSwitch><Expr><GetVar Name=\"FreeForm\" /></Expr><Case Value=\"TRUE\"><Field Name=\"LinkTitleNoMenu\" /></Case><Default><HTML><![CDATA[<div class=\"ms-vb itx\" onmouseover=\"OnItem(this)\" CTXName=\"ctx]]></HTML><Field Name=\"_EditMenuTableStart2\" /><HTML><![CDATA[\">]]></HTML><Field Name=\"LinkTitleNoMenu\" /><HTML><![CDATA[</div>]]></HTML><HTML><![CDATA[<div class=\"s4-ctx\" onmouseover=\"OnChildItem(this.parentNode); return false;\">]]></HTML><HTML><![CDATA[<span>&nbsp;</span>]]></HTML><HTML><![CDATA[<a onfocus=\"OnChildItem(this.parentNode.parentNode); return false;\" onclick=\"PopMenuFromChevron(event); return false;\" href=\"javascript:;\" title=\"Open Menu\"></a>]]></HTML><HTML><![CDATA[<span>&nbsp;</span>]]></HTML><HTML><![CDATA[</div>]]></HTML></Default></FieldSwitch></DisplayPattern></Field>","<Field DisplayName=\"teamsConversationMetadata_D86AE24D-7AF7-44D0-BFC8-90F17551E2ED\" Type=\"Note\" Required=\"FALSE\" ID=\"{6badc94c-6355-47b4-b524-4f07ecbc6b3c}\" StaticName=\"teamsConversationMetadata_D86AE2\" Name=\"teamsConversationMetadata_D86AE2\" Hidden=\"TRUE\" CanToggleHidden=\"TRUE\" Sealed=\"TRUE\" />"]}
"Cycle","Thema","Typ","Attachments","Created By"
"[""C4"",""ES""]","[""Selbstwahrnehmung"",""Fremdwahrnehmung""]","[""Aktivität""]","1","BicPo014@365.education.lu"
"[""C3"",""C4""]","[""Selbstwahrnehmung"",""Fremdwahrnehmung"",""Ressourcen""]","[""Aktivität""]","1","BicPo014@365.education.lu"
"[""C3"",""C4"",""ES""]","[""Resilienz""]","[""Aktivität""]","1","catherine.grosbusch@education.lu"
"[""C2"",""C3""]","[""Selbstwahrnehmung"",""Fremdwahrnehmung"",""Kommunikation"",""Kooperation"",""Spiel & Spaß"",""Beziehungsaufbau""]","[""Aktivität""]","1","BicPo014@365.education.lu"
"[""C3"",""C4"",""ES""]","[""Fremdwahrnehmung"",""Selbstwahrnehmung""]","[""Kursstunde""]","1","BicPo014@365.education.lu"
"[""C2"",""C3"",""C4""]","[""Emotionen"",""Fremdwahrnehmung"",""Gerechtigkeit"",""Konfliktlösung"",""Selbstwahrnehmung""]","[""Aktivität""]","1","BicPo014@365.education.lu"
"[""C2"",""C3"",""C4""]","[""Selbstwertgefühl"",""Selbstwahrnehmung"",""Fremdwahrnehmung"",""Identität""]","[""Kursstunde""]","1","BicPo014@365.education.lu"
"[""C3"",""C4""]","[""Selbstwahrnehmung"",""Fremdwahrnehmung"",""Identität""]","[""Aktivität""]","1","BicPo014@365.education.lu"
"[""C2"",""C3""]","[""Selbstwahrnehmung"",""Fremdwahrnehmung""]","[""Aktivität""]","1","BicPo014@365.education.lu"
"[""C3"",""C4"",""ES""]","[""Selbstwahrnehmung"",""Fremdwahrnehmung""]","[""Aktivität""]","1","BicPo014@365.education.lu"
"[""C1"",""C2"",""C3"",""C4"",""ES""]","[""Ressourcen"",""Selbstwahrnehmung"",""Fremdwahrnehmung""]","[""Aktivität""]","1","BicPo014@365.education.lu"
"[""C2"",""C4"",""C3"",""ES""]","[""Achtsamkeit"",""Kreativität"",""Selbstwahrnehmung"",""Stressbewältigung""]","[""Aktivität""]","1","catherine.grosbusch@education.lu"
"[""C1"",""C2"",""C3""]","[""Beziehungsaufbau"",""Bewegung"",""Selbstwahrnehmung"",""Identität""]","[""Aktivität""]","1","catherine.grosbusch@education.lu"
"[""C1"",""C2"",""C3""]","[""Beziehungsaufbau"",""Bewegung"",""Selbstwahrnehmung""]","[""Aktivität""]","1","catherine.grosbusch@education.lu"
"[""C2"",""C3"",""C4""]","[""Beziehungsaufbau"",""Bewegung"",""Kommunikation"",""Spiel & Spaß""]","[""Aktivität""]","1","catherine.grosbusch@education.lu"
"[""C3"",""C4"",""ES""]","[""Beziehungsaufbau"",""Kommunikation""]","[""Aktivität""]","1","catherine.grosbusch@education.lu"
"[""C3"",""C4"",""ES""]","[""Identität"",""Kommunikation"",""Kreativität"",""Selbstwahrnehmung"",""Selbstwertgefühl"",""Achtsamkeit""]","[""Aktivität""]","1","catherine.grosbusch@education.lu"
"[""C2"",""C3"",""C4"",""ES""]","[""Emotionen"",""Kommunikation"",""Selbstwahrnehmung""]","[""Aktivität""]","1","catherine.grosbusch@education.lu"
"[""C1"",""C2"",""C3"",""C4"",""ES""]","[""Emotionen"",""Kommunikation"",""Selbstwahrnehmung""]","[""Aktivität""]","1","catherine.grosbusch@education.lu"
"[""C1"",""C2"",""C3"",""C4"",""ES""]","[""Emotionen"",""Kommunikation""]","[""Aktivität""]","1","catherine.grosbusch@education.lu"
"[""C3"",""C4"",""ES""]","[""Impulskontrolle"",""Resilienz"",""Stressbewältigung"",""Grenzen"",""Disziplin""]","[""Kursstunde""]","1","catherine.grosbusch@education.lu"
"[""C3"",""C4"",""ES""]","[""Emotionen"",""Selbstwahrnehmung"",""Achtsamkeit""]","[""Aktivität""]","1","catherine.grosbusch@education.lu"
"[""C1"",""C2"",""C3"",""C4""]","[""Achtsamkeit"",""Selbstwahrnehmung"",""Spiel & Spaß""]","[""Aktivität""]","1","catherine.grosbusch@education.lu"
"[""C2"",""C3"",""C4""]","[""Kreativität"",""Ressourcen"",""Selbstwahrnehmung"",""Selbstwertgefühl""]","[""Kursstunde""]","1","catherine.grosbusch@education.lu"
"[""C4"",""ES""]","[""Sexualität""]","[""Kursstunde""]","1","catherine.grosbusch@education.lu"
"[""C1"",""C2""]","[""Disziplin"",""Impulskontrolle"",""Kommunikation"",""ETEP/ EPU""]","[""Kursstunde""]","1","catherine.grosbusch@education.lu"
"[""C1"",""C2"",""C3""]","[""Disziplin"",""& Sonstiges""]","[""Aktivität""]","1","catherine.grosbusch@education.lu"
"[""C3"",""C4"",""ES""]","[""Kommunikation"",""Konfliktlösung""]","[""Kursstunde""]","1","catherine.grosbusch@education.lu"
"[""C1"",""C2""]","[""Bewegung"",""Beziehungsaufbau"",""Kommunikation"",""Spiel & Spaß""]","[""Aktivität""]","1","catherine.grosbusch@education.lu"
"[""C3"",""C4"",""ES""]","[""Beziehungsaufbau"",""Kommunikation"",""Selbstwertgefühl"",""Ressourcen""]","[""Aktivität""]","1","catherine.grosbusch@education.lu"
"[""C1"",""C2"",""C3""]","[""Disziplin"",""Impulskontrolle"",""Motivation""]","[""Aktivität""]","1","catherine.grosbusch@education.lu"
"[""C1"",""C2"",""C3"",""C4""]","[""ETEP/ EPU""]","[""Kursstunde""]","1","catherine.grosbusch@education.lu"
"[""C1"",""C2"",""C3"",""C4""]","[""ETEP/ EPU"",""Disziplin""]","[""Aktivität""]","1","catherine.grosbusch@education.lu"
"[""C1"",""C2"",""C3"",""C4"",""ES""]","[""Emotionen"",""Impulskontrolle"",""Kommunikation"",""Selbstwahrnehmung"",""Stressbewältigung""]","[""Aktivität""]","1","catherine.grosbusch@education.lu"
"[""C1"",""C2"",""C3""]","[""Achtsamkeit"",""Impulskontrolle"",""Selbstwahrnehmung"",""Stressbewältigung""]","[""Aktivität""]","1","catherine.grosbusch@education.lu"
"[""C1"",""C2""]","[""Achtsamkeit"",""Bewegung"",""Selbstwahrnehmung""]","[""Aktivität""]","1","blerta.krasniqi@education.lu"
"[""C3"",""C4""]","[""Beziehungsaufbau"",""Selbstwertgefühl"",""Resilienz"",""Bewegung"",""Kooperation""]","[""Aktivität""]","1","blerta.krasniqi@education.lu"
"[""C3"",""C4"",""ES""]","[""Mobbing"",""Beziehungsaufbau"",""Kommunikation"",""Kooperation""]","[""Aktivität""]","1","blerta.krasniqi@education.lu"
"[""C3"",""C4""]","[""Beziehungsaufbau"",""Fremdwahrnehmung"",""Kommunikation"",""Emotionen"",""Mobbing"",""Konfliktlösung""]","[""Aktivität""]","1","blerta.krasniqi@education.lu"
"[""C2"",""C3""]","[""Beziehungsaufbau"",""Fremdwahrnehmung"",""Kommunikation""]","[""Aktivität""]","1","blerta.krasniqi@education.lu"
"[""C3"",""C4"",""C2""]","[""Mobbing"",""Bewegung"",""Beziehungsaufbau""]","[""Aktivität""]","1","blerta.krasniqi@education.lu"
"[""C3"",""C4"",""ES""]","[""Beziehungsaufbau"",""Bewegung"",""Fremdwahrnehmung"",""Konfliktlösung"",""Kooperation"",""Mobbing""]","[""Aktivität""]","1","blerta.krasniqi@education.lu"
"[""C2"",""C3"",""C4""]","[""Bewegung"",""Beziehungsaufbau"",""Achtsamkeit"",""Kommunikation"",""Mobbing""]","[""Aktivität""]","1","blerta.krasniqi@education.lu"
"[""C3"",""C4""]","[""Selbstwahrnehmung"",""Selbstwertgefühl""]","[""Aktivität""]","1","blerta.krasniqi@education.lu"
"[""C3"",""C4"",""ES""]","[""Emotionen"",""Selbstwahrnehmung"",""Achtsamkeit""]","[""Projekt""]","1","blerta.krasniqi@education.lu"
"[""C2"",""C3"",""C4""]","[""Kooperation"",""Beziehungsaufbau"",""Kreativität""]","[""Kursstunde""]","1","julie.scheer@education.lu"
"[""C2"",""C1"",""C3""]","[""Spiel & Spaß"",""Bewegung"",""& Sonstiges""]","[""Aktivität""]","1","julie.scheer@education.lu"
"[""C3"",""C4"",""ES""]","[""Kommunikation"",""Kooperation""]","[""Kursstunde""]","1","julie.scheer@education.lu"
"[""C3"",""C4""]","[""Kooperation"",""Kommunikation"",""Selbstwahrnehmung""]","[""Aktivität""]","1","julie.scheer@education.lu"
"[""C2"",""C3""]","[""Achtsamkeit"",""Emotionen"",""Bewegung"",""Selbstwahrnehmung"",""Selbstwertgefühl""]","[""Kursstunde""]","1","blerta.krasniqi@education.lu"
"[""C4"",""ES""]","[""Kommunikation"",""Selbstwahrnehmung"",""Fremdwahrnehmung"",""Emotionen"",""Resilienz""]","[""Kursstunde""]","1","julie.scheer@education.lu"
"[""C2"",""C3"",""C4"",""ES""]","[""Kommunikation"",""Identität"",""Fremdwahrnehmung""]","[""Kursstunde""]","1","julie.scheer@education.lu"
"[""C3"",""C4"",""ES""]","[""Kooperation"",""Kommunikation""]","[""Aktivität""]","1","julie.scheer@education.lu"
"[""C2"",""C3"",""C4"",""ES""]","[""Kommunikation"",""Achtsamkeit"",""Spiel & Spaß"",""Kooperation""]","[""Aktivität""]","1","julie.scheer@education.lu"
"[""C3"",""C4"",""ES""]","[""Konfliktlösung"",""Selbstwahrnehmung"",""Beziehungsaufbau""]","[""Kursstunde""]","1","julie.scheer@education.lu"
"[""C2"",""C3"",""C4"",""ES""]","[""Selbstwahrnehmung"",""Achtsamkeit"",""Kreativität"",""Resilienz""]","[""Kursstunde""]","1","julie.scheer@education.lu"
"[""C3"",""C4"",""ES""]","[""Medien"",""Gewalt"",""Achtsamkeit"",""Fremdwahrnehmung""]","[""Kursstunde""]","1","julie.scheer@education.lu"
"[""C4"",""ES""]","[""Gerechtigkeit"",""Beziehungsaufbau"",""Kommunikation""]","[""Aktivität""]","1","blerta.krasniqi@education.lu"
"[""C3"",""C4"",""ES""]","[""Konfliktlösung"",""Kommunikation"",""Selbstwahrnehmung""]","[""Aktivität""]","1","blerta.krasniqi@education.lu"
"[""C3"",""C4""]","[""Kommunikation"",""Selbstwahrnehmung"",""Fremdwahrnehmung"",""Kooperation""]","[""Aktivität""]","1","julie.scheer@education.lu"
"[""C2"",""C3""]","[""Selbstwahrnehmung"",""Fremdwahrnehmung"",""Achtsamkeit"",""Kooperation""]","[""Aktivität""]","1","julie.scheer@education.lu"
"[""C1"",""C2""]","[""Impulskontrolle"",""Achtsamkeit"",""Bewegung"",""Disziplin""]","[""Aktivität""]","1","julie.scheer@education.lu"
"[""C1"",""C2""]","[""Achtsamkeit"",""Selbstwahrnehmung"",""Selbstwertgefühl"",""Stressbewältigung""]","[""Aktivität""]","1","julie.scheer@education.lu"
"[""C2"",""C3""]","[""Konfliktlösung"",""Selbstwahrnehmung"",""Kreativität"",""Kommunikation""]","[""Kursstunde""]","1","julie.scheer@education.lu"
"[""C3"",""C4""]","[""Beziehungsaufbau"",""Kooperation"",""Selbstwertgefühl"",""Kommunikation""]","[""Kursstunde""]","1","julie.scheer@education.lu"
"[""C2"",""C3""]","[""Kommunikation"",""Beziehungsaufbau"",""Kooperation"",""Selbstwertgefühl""]","[""Aktivität""]","1","julie.scheer@education.lu"
"[""C3"",""C4""]","[""Bewegung"",""Beziehungsaufbau"",""Kooperation""]","[""Aktivität""]","1","blerta.krasniqi@education.lu"
"[""C2"",""C3""]","[""Bewegung"",""Disziplin"",""Kooperation""]","[""Aktivität""]","1","blerta.krasniqi@education.lu"
"[""C3"",""C4""]","[""Bewegung"",""Beziehungsaufbau"",""Fremdwahrnehmung""]","[""Aktivität""]","1","blerta.krasniqi@education.lu"
"[""C3"",""C4"",""C2""]","[""Bewegung"",""Beziehungsaufbau""]","[""Aktivität""]","1","blerta.krasniqi@education.lu"
"[""C3"",""C2"",""C4""]","[""Bewegung"",""Motivation""]","[""Aktivität""]","1","blerta.krasniqi@education.lu"
"[""C3"",""C4""]","[""Kooperation"",""Kreativität"",""Ressourcen""]","[""Kursstunde""]","1","julie.scheer@education.lu"
"[""C3"",""C4"",""ES""]","[""Selbstwahrnehmung"",""Kreativität"",""Achtsamkeit"",""Identität""]","[""Kursstunde""]","1","julie.scheer@education.lu"
"[""C2"",""C3"",""C4"",""ES""]","[""Kommunikation"",""Beziehungsaufbau"",""Motivation"",""Spiel & Spaß""]","[""Aktivität""]","1","julie.scheer@education.lu"
"[""C2"",""C3"",""C4""]","[""Selbstwahrnehmung"",""Fremdwahrnehmung"",""Kooperation"",""Identität""]","[""Aktivität""]","1","julie.scheer@education.lu"
"[""C3"",""C4"",""ES""]","[""Selbstwahrnehmung"",""Emotionen"",""Fremdwahrnehmung"",""Kommunikation""]","[""Aktivität""]","1","julie.scheer@education.lu"
"[""C2"",""C3"",""C4"",""ES""]","[""Selbstwahrnehmung"",""Fremdwahrnehmung"",""Achtsamkeit"",""Emotionen""]","[""Kursstunde""]","1","julie.scheer@education.lu"
"[""C3"",""C4"",""ES""]","[""Kommunikation"",""Kooperation"",""Konfliktlösung"",""Grenzen""]","[""Kursstunde""]","1","julie.scheer@education.lu"
"[""C3"",""C4"",""ES""]","[""Beziehungsaufbau"",""Selbstwertgefühl"",""Kommunikation"",""Kooperation""]","[""Aktivität""]","1","julie.scheer@education.lu"
"[""C3"",""C4"",""ES""]","[""Kooperation"",""Kreativität"",""Kommunikation"",""Resilienz""]","[""Kursstunde""]","1","julie.scheer@education.lu"
"[""C3"",""C4"",""ES""]","[""Kooperation"",""Selbstwahrnehmung"",""Kommunikation"",""Beziehungsaufbau""]","[""Kursstunde""]","1","julie.scheer@education.lu"
"[""C1"",""C2"",""C3"",""C4""]","[""Bewegung"",""Selbstwahrnehmung"",""Stressbewältigung"",""Achtsamkeit"",""Spiel & Spaß""]","[""Aktivität""]","1","blerta.krasniqi@education.lu"
"[""ES""]","[""Identität"",""Selbstwahrnehmung"",""Selbstwertgefühl""]","[""Aktivität""]","1","blerta.krasniqi@education.lu"
"[""C3"",""C4"",""ES""]","[""Kommunikation"",""Konfliktlösung"",""Grenzen"",""Gerechtigkeit""]","[""Kursstunde""]","1","julie.scheer@education.lu"
"[""C3"",""C4"",""ES""]","[""Kommunikation"",""Selbstwahrnehmung"",""Konfliktlösung"",""Kooperation""]","[""Kursstunde""]","1","julie.scheer@education.lu"
"[""C3"",""C4"",""ES""]","[""Fremdwahrnehmung"",""Kooperation"",""Kommunikation"",""Achtsamkeit""]","[""Aktivität""]","1","julie.scheer@education.lu"
"[""C1"",""C2""]","[""Disziplin"",""Impulskontrolle"",""Kommunikation""]","[""Aktivität""]","1","julie.scheer@education.lu"
"[""C2"",""C3""]","[""Selbstwahrnehmung"",""Fremdwahrnehmung"",""Kommunikation"",""Spiel & Spaß""]","[""Aktivität""]","1","julie.scheer@education.lu"
"[""C2"",""C3"",""C4""]","[""Beziehungsaufbau"",""Selbstwahrnehmung"",""Kooperation"",""Identität""]","[""Aktivität""]","1","julie.scheer@education.lu"
"[""C2"",""C3"",""C4"",""ES""]","[""Beziehungsaufbau"",""Selbstwahrnehmung"",""Kommunikation"",""Kooperation""]","[""Kursstunde""]","1","julie.scheer@education.lu"
"[""C3"",""C4"",""ES""]","[""Beziehungsaufbau"",""Kommunikation"",""Selbstwahrnehmung"",""Kooperation""]","[""Kursstunde""]","1","julie.scheer@education.lu"
"[""C3"",""C4"",""ES""]","[""Emotionen"",""Achtsamkeit"",""Selbstwahrnehmung""]","[""Aktivität""]","1","blerta.krasniqi@education.lu"
"[""C1"",""C2"",""C3""]","[""Achtsamkeit"",""Emotionen"",""Kommunikation"",""Stressbewältigung""]","[""Aktivität""]","1","blerta.krasniqi@education.lu"
"[""C3"",""C4"",""ES""]","[""Konfliktlösung"",""Kommunikation"",""Gewalt"",""Selbstwahrnehmung""]","[""Aktivität""]","1","blerta.krasniqi@education.lu"
"[""C2"",""C3"",""C4"",""ES""]","[""Gewalt"",""Impulskontrolle"",""Konfliktlösung"",""Kommunikation""]","[""Aktivität""]","1","blerta.krasniqi@education.lu"
"[""C3"",""C4"",""ES""]","[""Beziehungsaufbau"",""Kommunikation"",""Konfliktlösung"",""Kooperation""]","[""Kursstunde""]","1","blerta.krasniqi@education.lu"
"[""C1"",""C2"",""C3""]","[""Bewegung"",""Motivation"",""Selbstwahrnehmung"",""Stressbewältigung""]","[""Aktivität""]","1","blerta.krasniqi@education.lu"
"[""C2"",""C3"",""C4"",""ES""]","[""Bewegung"",""Kooperation"",""Kommunikation"",""Selbstwahrnehmung""]","[""Aktivität""]","1","julie.scheer@education.lu"
"[""C2"",""C3"",""C4"",""ES""]","[""Achtsamkeit"",""Selbstwahrnehmung"",""Kooperation"",""Kommunikation""]","[""Aktivität""]","1","julie.scheer@education.lu"
"[""C3"",""C4""]","[""Konfliktlösung"",""Kommunikation"",""Fremdwahrnehmung""]","[""Projekt""]","1","blerta.krasniqi@education.lu"
"[""C2"",""C3"",""C4"",""ES""]","[""Beziehungsaufbau"",""Konfliktlösung"",""Kooperation"",""Kommunikation""]","[""Kursstunde""]","1","blerta.krasniqi@education.lu"
"[""ES""]","[""Konfliktlösung"",""Kommunikation"",""Beziehungsaufbau""]","[""Kursstunde""]","1","blerta.krasniqi@education.lu"
"[""C3"",""C4""]","[""Gerechtigkeit"",""Identität""]","[""Kursstunde""]","1","blerta.krasniqi@education.lu"
"[""C4"",""ES""]","[""Identität"",""Selbstwahrnehmung"",""Selbstwertgefühl""]","[""Aktivität""]","1","blerta.krasniqi@education.lu"
"[""C2"",""C3""]","[""Emotionen"",""Selbstwahrnehmung""]","[""Aktivität"",""Kursstunde""]","1","blerta.krasniqi@education.lu"
"[""C4"",""ES""]","[""Beziehungsaufbau"",""Grenzen"",""Fremdwahrnehmung""]","[""Kursstunde""]","1","blerta.krasniqi@education.lu"
"[""C2"",""C3""]","[""Grenzen"",""Kommunikation""]","[""Aktivität""]","1","blerta.krasniqi@education.lu"
"[""C2"",""C3""]","[""Grenzen"",""Kommunikation"",""Selbstwahrnehmung""]","[""Aktivität""]","1","blerta.krasniqi@education.lu"
"[""C1"",""C2"",""C3""]","[""Achtsamkeit"",""Stressbewältigung""]","[""Aktivität""]","1","blerta.krasniqi@education.lu"
"[""C2"",""C3""]","[""Selbstwahrnehmung"",""Kommunikation"",""Grenzen"",""Achtsamkeit""]","[""Aktivität""]","1","blerta.krasniqi@education.lu"
"[""C4"",""ES""]","[""Gerechtigkeit"",""Kommunikation"",""Kooperation"",""Konfliktlösung""]","[""Kursstunde""]","1","julie.scheer@education.lu"
"[""C2"",""C3"",""C4"",""ES""]","[""Bewegung"",""Achtsamkeit"",""Selbstwahrnehmung"",""Impulskontrolle""]","[""Aktivität""]","1","julie.scheer@education.lu"
"[""C3"",""C4"",""ES""]","[""Kommunikation"",""Selbstwahrnehmung"",""Kooperation"",""Ressourcen""]","[""Kursstunde""]","1","julie.scheer@education.lu"
"[""C4"",""ES""]","[""Kommunikation"",""Selbstwahrnehmung"",""Konfliktlösung"",""Grenzen""]","[""Aktivität""]","1","julie.scheer@education.lu"
"[""C4"",""ES""]","[""Kooperation"",""Kommunikation"",""Impulskontrolle"",""Selbstwahrnehmung""]","[""Kursstunde""]","1","julie.scheer@education.lu"
"[""C2"",""C3"",""C4""]","[""Kommunikation"",""Selbstwahrnehmung"",""Kooperation"",""Impulskontrolle""]","[""Kursstunde""]","1","julie.scheer@education.lu"
"[""C2"",""C3"",""C4""]","[""Bewegung"",""Kooperation"",""Impulskontrolle"",""Kommunikation""]","[""Aktivität""]","1","julie.scheer@education.lu"
"[""C4"",""ES""]","[""Fremdwahrnehmung"",""Beziehungsaufbau"",""Mobbing"",""Selbstwahrnehmung""]","[""Kursstunde""]","1","julie.scheer@education.lu"
"[""C3"",""C4"",""ES""]","[""Selbstwertgefühl"",""Identität"",""Beziehungsaufbau"",""Kommunikation""]","[""Kursstunde""]","1","julie.scheer@education.lu"
"[""C2"",""C3"",""C4""]","[""Bewegung"",""Impulskontrolle"",""Spiel & Spaß"",""Beziehungsaufbau""]","[""Aktivität""]","1","julie.scheer@education.lu"
"[""C4"",""ES""]","[""Konfliktlösung"",""Kommunikation"",""Selbstwahrnehmung"",""Fremdwahrnehmung""]","[""Kursstunde""]","1","julie.scheer@education.lu"
"[""C4"",""ES""]","[""Konfliktlösung"",""Kommunikation"",""Kreativität"",""Fremdwahrnehmung""]","[""Aktivität""]","1","julie.scheer@education.lu"
"[""C3"",""C4"",""ES""]","[""Konfliktlösung"",""Kommunikation"",""Selbstwahrnehmung"",""Fremdwahrnehmung""]","[""Kursstunde""]","1","julie.scheer@education.lu"
"[""C2"",""C3"",""C4"",""ES""]","[""Kooperation"",""Bewegung"",""Beziehungsaufbau"",""Spiel & Spaß""]","[""Aktivität""]","1","julie.scheer@education.lu"
"[""C3"",""C4"",""ES""]","[""Kooperation"",""Bewegung"",""Beziehungsaufbau"",""Selbstwahrnehmung""]","[""Aktivität""]","1","julie.scheer@education.lu"
"[""C3"",""C4"",""ES""]","[""Achtsamkeit"",""Beziehungsaufbau"",""Selbstwahrnehmung"",""Kommunikation""]","[""Kursstunde""]","1","julie.scheer@education.lu"
"[""C3"",""C4"",""ES""]","[""Kooperation"",""Bewegung"",""Beziehungsaufbau"",""Selbstwahrnehmung""]","[""Aktivität""]","1","julie.scheer@education.lu"
"[""C3"",""C4"",""ES""]","[""Kommunikation"",""Motivation"",""Fremdwahrnehmung"",""Selbstwahrnehmung""]","[""Kursstunde""]","1","julie.scheer@education.lu"
"[""C3"",""C4"",""ES""]","[""Selbstwahrnehmung"",""Resilienz"",""Kommunikation"",""Kreativität""]","[""Kursstunde""]","1","julie.scheer@education.lu"
"[""C3"",""C4"",""ES""]","[""Selbstwahrnehmung"",""Identität"",""Kommunikation"",""Beziehungsaufbau""]","[""Kursstunde""]","1","julie.scheer@education.lu"
"[""C3"",""C4"",""ES""]","[""Grenzen"",""Selbstwahrnehmung"",""Kommunikation"",""Beziehungsaufbau""]","[""Kursstunde""]","1","julie.scheer@education.lu"
"[""C3"",""C4"",""ES""]","[""Achtsamkeit"",""Kommunikation"",""Selbstwertgefühl"",""Selbstwahrnehmung""]","[""Kursstunde""]","1","julie.scheer@education.lu"
"[""C2"",""C3"",""C4""]","[""Kooperation"",""Bewegung"",""Spiel & Spaß"",""Kommunikation""]","[""Aktivität""]","1","julie.scheer@education.lu"
"[""C4"",""ES""]","[""Konfliktlösung"",""Gerechtigkeit"",""Gewalt"",""Beziehungsaufbau""]","[""Kursstunde""]","1","julie.scheer@education.lu"
"[""C3"",""C4"",""ES""]","[""Kooperation"",""Selbstwahrnehmung"",""Fremdwahrnehmung"",""Beziehungsaufbau""]","[""Aktivität""]","1","julie.scheer@education.lu"
"[""C3"",""C4"",""ES""]","[""Kooperation"",""Bewegung"",""Spiel & Spaß"",""Impulskontrolle""]","[""Aktivität""]","1","julie.scheer@education.lu"
"[""C3"",""C4"",""ES""]","[""Konfliktlösung"",""Kommunikation"",""Selbstwahrnehmung"",""Kooperation""]","[""Aktivität""]","1","julie.scheer@education.lu"
"[""C2"",""C3"",""C4""]","[""Kooperation"",""Bewegung"",""Selbstwahrnehmung"",""Spiel & Spaß""]","[""Aktivität""]","1","julie.scheer@education.lu"
"[""C2"",""C3"",""C4""]","[""Kooperation"",""Kommunikation"",""Selbstwahrnehmung"",""Fremdwahrnehmung""]","[""Aktivität""]","1","julie.scheer@education.lu"
"[""C2"",""C3"",""C4"",""ES""]","[""Achtsamkeit"",""Kooperation"",""Selbstwahrnehmung"",""Impulskontrolle""]","[""Aktivität""]","1","julie.scheer@education.lu"
"[""C2"",""C3"",""C4"",""ES""]","[""Selbstwertgefühl"",""Beziehungsaufbau"",""Kommunikation"",""Ressourcen""]","[""Kursstunde""]","1","julie.scheer@education.lu"
"[""C2"",""C3"",""C4"",""ES""]","[""Beziehungsaufbau"",""Selbstwahrnehmung"",""Fremdwahrnehmung"",""Mobbing""]","[""Kursstunde""]","1","julie.scheer@education.lu"
"[""C3"",""C4"",""ES""]","[""Beziehungsaufbau"",""Kommunikation"",""Kreativität"",""Selbstwahrnehmung""]","[""Kursstunde""]","1","julie.scheer@education.lu"
"[""C3"",""C4"",""ES""]","[""Kommunikation"",""Fremdwahrnehmung"",""Kreativität"",""Achtsamkeit""]","[""Aktivität""]","1","julie.scheer@education.lu"
"[""C3"",""C4"",""ES""]","[""Selbstwahrnehmung"",""Fremdwahrnehmung"",""Kommunikation"",""Beziehungsaufbau""]","[""Aktivität""]","1","julie.scheer@education.lu"
"[""C3"",""C4"",""ES""]","[""Bewegung"",""Kooperation"",""Spiel & Spaß"",""Beziehungsaufbau""]","[""Aktivität""]","1","julie.scheer@education.lu"
"[""C3"",""C4"",""ES""]","[""Kommunikation"",""Fremdwahrnehmung"",""Selbstwahrnehmung"",""Beziehungsaufbau""]","[""Aktivität""]","1","julie.scheer@education.lu"
"[""C1"",""C2"",""C3"",""C4""]","[""Disziplin"",""Kommunikation"",""Impulskontrolle"",""Achtsamkeit""]","[""Aktivität""]","1","julie.scheer@education.lu"
"[""C3"",""C4"",""ES""]","[""Kommunikation"",""Kooperation"",""Selbstwahrnehmung"",""Beziehungsaufbau""]","[""Aktivität""]","1","julie.scheer@education.lu"
"[""C3"",""C4"",""ES""]","[""Kooperation"",""Konfliktlösung"",""Motivation"",""Achtsamkeit""]","[""Aktivität""]","1","julie.scheer@education.lu"
"[""C2"",""C3"",""C4"",""ES""]","[""Kommunikation"",""Kooperation"",""Spiel & Spaß"",""Beziehungsaufbau""]","[""Aktivität""]","1","julie.scheer@education.lu"
"[""C2"",""C3"",""C4"",""ES""]","[""Kommunikation"",""Kooperation"",""Achtsamkeit"",""Beziehungsaufbau""]","[""Aktivität""]","1","julie.scheer@education.lu"
"[""C3"",""C4"",""ES""]","[""Selbstwahrnehmung"",""Achtsamkeit"",""Medien"",""Ressourcen""]","[""Kursstunde""]","1","julie.scheer@education.lu"
,,,"0","BicPo014@365.education.lu"
"[""C4"",""ES""]","[""Kommunikation"",""Mobbing"",""Konfliktlösung""]","[""Aktivität""]","1","naomi.michelis@education.lu"
"[""C2"",""C3"",""C4"",""ES""]","[""Kooperation"",""Mobbing"",""Spiel & Spaß""]","[""Aktivität"",""Kursstunde""]","1","naomi.michelis@education.lu"
"[""C3"",""C4"",""ES""]","[""Mobbing"",""Selbstwahrnehmung"",""Emotionen""]","[""Aktivität"",""Kursstunde""]","1","naomi.michelis@education.lu"
"[""C3"",""C4"",""ES""]","[""Mobbing"",""Selbstwahrnehmung"",""Fremdwahrnehmung""]","[""Aktivität""]","1","naomi.michelis@education.lu"
"[""C3"",""C4"",""ES""]","[""Emotionen"",""Selbstwahrnehmung""]","[""Aktivität""]","1","blerta.krasniqi@education.lu"
"[""C4"",""ES""]","[""Selbstwahrnehmung"",""Emotionen""]","[""Aktivität""]","1","blerta.krasniqi@education.lu"
"[""C2"",""C3"",""C4""]","[""Emotionen"",""Selbstwertgefühl"",""Selbstwahrnehmung""]","[""Aktivität""]","1","blerta.krasniqi@education.lu"
"[""C2"",""C3""]","[""Selbstwahrnehmung"",""Fremdwahrnehmung"",""Beziehungsaufbau"",""Konfliktlösung""]","[""Kursstunde""]","1","julie.scheer@education.lu"
"[""C2""]","[""Selbstwahrnehmung"",""Kommunikation"",""Identität"",""Ressourcen""]","[""Kursstunde""]","1","julie.scheer@education.lu"
"[""C2""]","[""Kooperation"",""Kommunikation"",""Resilienz"",""Selbstwertgefühl""]","[""Kursstunde""]","1","julie.scheer@education.lu"
"[""C3"",""C4""]","[""Kommunikation"",""Kooperation"",""Selbstwahrnehmung"",""Resilienz""]","[""Kursstunde""]","1","julie.scheer@education.lu"
"[""C3"",""C2""]","[""Grenzen"",""Selbstwahrnehmung"",""Selbstwertgefühl"",""Resilienz""]","[""Kursstunde""]","1","julie.scheer@education.lu"
"[""C1"",""C2""]","[""Beziehungsaufbau"",""Kooperation"",""Fremdwahrnehmung"",""Kommunikation""]","[""Kursstunde""]","1","julie.scheer@education.lu"
"[""C2"",""C3""]","[""Selbstwertgefühl"",""Resilienz"",""Motivation"",""Selbstwahrnehmung""]","[""Kursstunde""]","1","julie.scheer@education.lu"
"[""C2"",""C3""]","[""Konfliktlösung"",""Kommunikation"",""Grenzen"",""Resilienz""]","[""Kursstunde""]","1","julie.scheer@education.lu"
"[""C2"",""C3""]","[""Kooperation"",""Gerechtigkeit"",""Kommunikation"",""Selbstwahrnehmung"",""Emotionen""]","[""Kursstunde""]","1","julie.scheer@education.lu"
"[""C3""]","[""Beziehungsaufbau"",""Fremdwahrnehmung"",""Grenzen"",""Kommunikation""]","[""Kursstunde""]","1","julie.scheer@education.lu"
"[""C3""]","[""Selbstwahrnehmung"",""Fremdwahrnehmung"",""Kommunikation"",""Resilienz""]","[""Kursstunde""]","1","julie.scheer@education.lu"
"[""C3"",""C4""]","[""Mobbing"",""Gewalt"",""Konfliktlösung"",""Fremdwahrnehmung""]","[""Kursstunde""]","1","julie.scheer@education.lu"
"[""C3""]","[""Kooperation"",""Konfliktlösung"",""Kommunikation"",""Impulskontrolle""]","[""Kursstunde""]","1","julie.scheer@education.lu"
"[""C3"",""C4""]","[""Selbstwahrnehmung"",""Stressbewältigung"",""Resilienz"",""Kommunikation""]","[""Kursstunde""]","1","julie.scheer@education.lu"
"[""C3"",""C4""]","[""Stressbewältigung"",""Selbstwahrnehmung"",""Resilienz"",""Kommunikation""]","[""Kursstunde""]","1","julie.scheer@education.lu"
"[""C3""]","[""Disziplin"",""Grenzen"",""Kommunikation"",""Kooperation""]","[""Kursstunde""]","1","julie.scheer@education.lu"
"[""C3""]","[""Kommunikation"",""Selbstwahrnehmung"",""Konfliktlösung"",""Grenzen""]","[""Kursstunde""]","1","julie.scheer@education.lu"
"[""C2"",""C3""]","[""Kommunikation"",""Selbstwahrnehmung"",""Identität"",""Spiel & Spaß""]","[""Aktivität""]","1","julie.scheer@education.lu"
"[""C2"",""C3"",""C4""]","[""Disziplin"",""Impulskontrolle"",""Kooperation"",""Kommunikation""]","[""Aktivität""]","1","julie.scheer@education.lu"
"[""C2"",""C3"",""C4""]","[""Selbstwahrnehmung"",""Ressourcen"",""Motivation"",""Kooperation""]","[""Aktivität""]","1","julie.scheer@education.lu"
"[""C2"",""C3"",""C4""]","[""Achtsamkeit"",""Impulskontrolle"",""Motivation"",""Spiel & Spaß""]","[""Aktivität""]","1","julie.scheer@education.lu"
"[""C2"",""C3""]","[""Kommunikation"",""Fremdwahrnehmung"",""Selbstwahrnehmung"",""Achtsamkeit""]","[""Aktivität""]","1","julie.scheer@education.lu"
"[""C2"",""C3""]","[""Kommunikation"",""Kooperation"",""Beziehungsaufbau"",""Selbstwertgefühl""]","[""Aktivität""]","1","julie.scheer@education.lu"
"[""C2"",""C3"",""C4""]","[""Beziehungsaufbau"",""Kommunikation"",""Kooperation"",""Spiel & Spaß""]","[""Aktivität""]","1","julie.scheer@education.lu"
"[""C2"",""C3"",""C4""]","[""Selbstwertgefühl"",""Beziehungsaufbau"",""Resilienz"",""Ressourcen""]","[""Aktivität""]","1","julie.scheer@education.lu"
"[""C1"",""C2""]","[""Konfliktlösung"",""Grenzen"",""Selbstwahrnehmung"",""Kommunikation""]","[""Aktivität""]","1","julie.scheer@education.lu"
"[""C2"",""C3""]","[""Beziehungsaufbau"",""Spiel & Spaß"",""Identität"",""Kommunikation""]","[""Aktivität""]","1","julie.scheer@education.lu"
"[""C2"",""C3""]","[""Motivation"",""Selbstwahrnehmung"",""Ressourcen"",""Beziehungsaufbau""]","[""Aktivität""]","1","julie.scheer@education.lu"
"[""C2"",""C3"",""C4""]","[""Resilienz"",""Selbstwahrnehmung"",""Achtsamkeit"",""Stressbewältigung""]","[""Aktivität""]","1","julie.scheer@education.lu"
"[""C2"",""C3"",""C4""]","[""Kommunikation"",""Fremdwahrnehmung"",""Spiel & Spaß"",""Beziehungsaufbau""]","[""Aktivität""]","1","julie.scheer@education.lu"
"[""C1"",""C2"",""C3"",""C4""]","[""Kommunikation"",""Selbstwahrnehmung"",""Beziehungsaufbau"",""Spiel & Spaß""]","[""Aktivität""]","1","julie.scheer@education.lu"
"[""C2"",""C3"",""C4"",""ES""]","[""Beziehungsaufbau"",""Selbstwahrnehmung"",""Spiel & Spaß"",""Kommunikation""]","[""Aktivität""]","1","julie.scheer@education.lu"
"[""C2"",""C3"",""C4""]","[""Ressourcen"",""Achtsamkeit"",""Selbstwertgefühl"",""Selbstwahrnehmung""]","[""Aktivität""]","1","julie.scheer@education.lu"
"[""C3""]","[""Resilienz"",""Ressourcen"",""Konfliktlösung"",""Identität""]","[""Kursstunde""]","1","julie.scheer@education.lu"
"[""C2"",""C3"",""C4""]","[""Kreativität"",""Achtsamkeit"",""Stressbewältigung"",""Impulskontrolle""]","[""Aktivität""]","1","julie.scheer@education.lu"
"[""C2""]","[""Achtsamkeit"",""Selbstwahrnehmung"",""Fremdwahrnehmung"",""Bewegung""]","[""Aktivität""]","1","julie.scheer@education.lu"
"[""C2"",""C3""]","[""Selbstwahrnehmung"",""Selbstwertgefühl"",""Kommunikation"",""Resilienz""]","[""Aktivität""]","1","julie.scheer@education.lu"
"[""C2"",""C3""]","[""Selbstwertgefühl"",""Konfliktlösung"",""Selbstwahrnehmung"",""Ressourcen""]","[""Projekt""]","1","julie.scheer@education.lu"
"[""C2"",""C3"",""C4""]","[""Achtsamkeit"",""Impulskontrolle"",""Selbstwahrnehmung"",""Spiel & Spaß""]","[""Aktivität""]","1","julie.scheer@education.lu"
"[""C2"",""C3"",""C4""]","[""Achtsamkeit"",""Kooperation"",""Disziplin"",""Kommunikation""]","[""Aktivität""]","1","julie.scheer@education.lu"
"[""C2"",""C3"",""C4""]","[""Kooperation"",""Kommunikation"",""Spiel & Spaß"",""Impulskontrolle""]","[""Aktivität""]","1","julie.scheer@education.lu"
"[""C1"",""C2""]","[""Achtsamkeit"",""Resilienz"",""Selbstwahrnehmung"",""Stressbewältigung""]","[""Aktivität""]","1","julie.scheer@education.lu"
"[""C2"",""C3"",""C4""]","[""Resilienz"",""Achtsamkeit"",""Stressbewältigung"",""Selbstwahrnehmung""]","[""Aktivität""]","1","julie.scheer@education.lu"
"[""C2"",""C3"",""C4""]","[""Kooperation"",""Kommunikation"",""Selbstwahrnehmung"",""Fremdwahrnehmung""]","[""Aktivität""]","1","julie.scheer@education.lu"
"[""C3"",""C4""]","[""Achtsamkeit"",""Stressbewältigung"",""Resilienz"",""Selbstwahrnehmung""]","[""Aktivität""]","1","julie.scheer@education.lu"
"[""C2"",""C3"",""C4""]","[""Achtsamkeit"",""Selbstwahrnehmung"",""Stressbewältigung"",""Resilienz""]","[""Aktivität""]","1","julie.scheer@education.lu"
"[""C2"",""C3""]","[""Bewegung"",""Kooperation"",""Impulskontrolle"",""Achtsamkeit""]","[""Aktivität""]","1","julie.scheer@education.lu"
"[""C1"",""C2"",""C3""]","[""Achtsamkeit"",""Spiel & Spaß"",""Selbstwahrnehmung"",""& Sonstiges""]","[""Aktivität""]","1","julie.scheer@education.lu"
"[""C1"",""C2"",""C3""]","[""Bewegung"",""Kooperation"",""Kommunikation"",""Spiel & Spaß""]","[""Aktivität""]","1","julie.scheer@education.lu"
"[""C1"",""C2"",""C3""]","[""Stressbewältigung"",""Kreativität"",""Resilienz"",""Achtsamkeit""]","[""Aktivität""]","1","julie.scheer@education.lu"
"[""C1"",""C2"",""C3"",""C4""]","[""Achtsamkeit"",""Beziehungsaufbau"",""Emotionen"",""Fremdwahrnehmung"",""Selbstwahrnehmung"",""Kommunikation""]","[""Aktivität""]","1","julie.scheer@education.lu"
"[""C2"",""C3""]","[""Kooperation"",""Kommunikation"",""Bewegung"",""Konfliktlösung""]","[""Aktivität""]","1","julie.scheer@education.lu"
"[""C3"",""C4"",""ES""]","[""Kooperation"",""Kommunikation"",""Spiel & Spaß"",""Bewegung""]","[""Aktivität""]","1","julie.scheer@education.lu"
"[""C2"",""C3""]","[""Kommunikation"",""Kooperation"",""Konfliktlösung"",""Resilienz""]","[""Aktivität""]","1","julie.scheer@education.lu"
"[""C3""]","[""Konfliktlösung"",""Kommunikation"",""Impulskontrolle"",""Selbstwahrnehmung""]","[""Projekt""]","1","julie.scheer@education.lu"
"[""C3"",""C4""]","[""Kommunikation"",""Fremdwahrnehmung"",""Konfliktlösung"",""Gerechtigkeit""]","[""Aktivität""]","1","julie.scheer@education.lu"
"[""C2"",""C3"",""C4"",""ES""]","[""Kommunikation"",""Fremdwahrnehmung"",""Selbstwahrnehmung"",""Beziehungsaufbau""]","[""Aktivität""]","1","julie.scheer@education.lu"
"[""C4"",""ES""]","[""Fremdwahrnehmung"",""Selbstwahrnehmung"",""Konfliktlösung"",""Kommunikation""]","[""Aktivität""]","1","julie.scheer@education.lu"
"[""C3"",""C4"",""ES""]","[""Kommunikation"",""Selbstwahrnehmung"",""Identität"",""Ressourcen""]","[""Kursstunde""]","1","julie.scheer@education.lu"
"[""C3"",""C4"",""ES""]","[""Kommunikation"",""Fremdwahrnehmung"",""Selbstwahrnehmung"",""Konfliktlösung""]","[""Aktivität""]","1","julie.scheer@education.lu"
"[""C3"",""C4"",""ES""]","[""Fremdwahrnehmung"",""Selbstwahrnehmung"",""Kommunikation"",""Ressourcen""]","[""Aktivität""]","1","julie.scheer@education.lu"
"[""C3"",""C4""]","[""Kommunikation"",""Fremdwahrnehmung"",""Selbstwahrnehmung"",""Beziehungsaufbau""]","[""Aktivität""]","1","julie.scheer@education.lu"
"[""C3"",""C4"",""ES""]","[""Konfliktlösung"",""Selbstwahrnehmung"",""Kommunikation"",""Fremdwahrnehmung""]","[""Aktivität""]","1","julie.scheer@education.lu"
"[""C3"",""C4""]","[""Beziehungsaufbau"",""Identität"",""Selbstwertgefühl"",""Selbstwahrnehmung""]","[""Kursstunde""]","1","julie.scheer@education.lu"
"[""C3"",""C4""]","[""Beziehungsaufbau"",""Spiel & Spaß"",""Identität"",""Kommunikation""]","[""Aktivität""]","1","julie.scheer@education.lu"
"[""C3"",""C4""]","[""Kommunikation"",""Selbstwahrnehmung"",""Fremdwahrnehmung"",""Beziehungsaufbau""]","[""Aktivität""]","1","julie.scheer@education.lu"
"[""C2"",""C3"",""C4""]","[""Selbstwahrnehmung"",""Achtsamkeit"",""Resilienz"",""Emotionen""]","[""Aktivität""]","1","julie.scheer@education.lu"
"[""C1"",""C2"",""C3""]","[""Achtsamkeit"",""Bewegung"",""Beziehungsaufbau""]","[""Aktivität""]","1","julie.scheer@education.lu"
